City_ID,City,Lat,Lng,Max Temp,Humidity,Cloudiness,Wind Speed,Country,Date
0,hobart,-42.8794,147.3294,13.92,66,100,4.12,AU,1675784484
1,huarmey,-10.0681,-78.1522,24.82,73,39,3.98,PE,1675784614
2,novobiryusinskiy,56.9578,97.7076,-20.56,100,100,1.25,RU,1675784615
3,mahebourg,-20.4081,57.7,27.36,78,40,7.72,MU,1675784615
4,talara,-4.5772,-81.2719,29.42,54,40,7.2,PE,1675784479
5,kodiak,57.79,-152.4072,-1.27,74,0,5.14,US,1675784617
6,vaini,-21.2,-175.2,25.09,94,75,3.6,TO,1675784617
7,khatanga,71.9667,102.5,-43.48,100,72,0.78,RU,1675784618
8,carstairs,51.5668,-114.102,4.71,56,100,4.92,CA,1675784425
9,bethel,41.3712,-73.414,2.23,43,0,2.06,US,1675784617
10,sao joao da barra,-21.6403,-41.0511,31.05,76,98,2.77,BR,1675784619
11,hermanus,-34.4187,19.2345,21.56,74,100,5.39,ZA,1675784620
12,khani,41.9563,42.9566,-2.24,98,100,1.95,GE,1675784620
13,hualmay,-11.0964,-77.6139,25.3,69,11,4.0,PE,1675784620
14,dikson,73.5069,80.5464,-28.71,95,77,6.36,RU,1675784566
15,nanortalik,60.1432,-45.2371,-14.37,68,7,11.18,GL,1675784621
16,uvalde,29.3669,-99.767,19.55,100,100,0.0,US,1675784622
17,chuy,-33.6971,-53.4616,29.6,39,3,2.95,UY,1675784622
18,airai,-8.9266,125.4092,16.47,92,72,0.89,TL,1675784622
19,saint-philippe,-21.3585,55.7679,27.77,83,65,5.89,RE,1675784623
20,ponta do sol,32.6667,-17.1,18.73,58,47,3.0,PT,1675784624
21,mar del plata,-38.0023,-57.5575,24.41,85,100,6.26,AR,1675784517
22,ribeira grande,38.5167,-28.7,15.22,55,75,7.72,PT,1675784624
23,bolivar,37.6145,-93.4105,6.74,86,100,3.7,US,1675784500
24,chokurdakh,70.6333,147.9167,-41.22,100,99,1.77,RU,1675784625
25,san policarpo,12.1791,125.5072,25.97,80,100,4.86,PH,1675784626
26,rikitea,-23.1203,-134.9692,26.05,72,36,5.03,PF,1675784627
27,ivolginsk,51.7492,107.2837,-20.78,84,16,0.0,RU,1675784627
28,walvis bay,-22.9575,14.5053,21.72,72,31,4.98,NA,1675784628
29,champerico,14.3,-91.9167,29.3,50,45,1.3,GT,1675784630
30,tasiilaq,65.6145,-37.6368,-14.91,59,61,6.54,GL,1675784632
31,kaitangata,-46.2817,169.8464,9.86,67,7,3.36,NZ,1675784632
32,saint george,37.1041,-113.5841,2.92,80,0,0.0,US,1675784633
33,port elizabeth,-33.918,25.5701,25.16,79,20,7.2,ZA,1675784633
34,cockburn town,21.4612,-71.1419,26.98,61,40,5.14,TC,1675784634
35,touros,-5.1989,-35.4608,30.52,51,70,7.43,BR,1675784499
36,shimoga,13.9167,75.5667,21.33,64,77,1.67,IN,1675784635
37,narsaq,60.9167,-46.05,-21.88,59,79,4.38,GL,1675784635
38,abha,18.2164,42.5053,18.9,55,0,4.12,SA,1675784636
39,kapaa,22.0752,-159.319,21.22,94,14,5.38,US,1675784636
40,chipinge,-20.1883,32.6236,17.7,91,100,1.78,ZW,1675784638
41,atuona,-9.8,-139.0333,25.89,72,8,7.79,PF,1675784639
42,arraial do cabo,-22.9661,-42.0278,29.98,70,40,4.12,BR,1675784639
43,pevek,69.7008,170.3133,-31.9,99,100,1.02,RU,1675784640
44,ushuaia,-54.8,-68.3,11.79,54,40,3.6,AR,1675784641
45,albany,42.6001,-73.9662,1.0,55,44,2.24,US,1675784642
46,hokitika,-42.7167,170.9667,14.33,78,7,5.02,NZ,1675784642
47,port blair,11.6667,92.75,27.02,78,40,2.57,IN,1675784643
48,puerto ayora,-0.7393,-90.3518,28.98,91,23,4.02,EC,1675784644
49,chunskiy,56.0815,99.6342,-20.42,100,100,1.03,RU,1675784645
50,siguiri,11.6667,-9.5,37.09,9,58,1.82,GN,1675784648
51,avarua,-21.2078,-159.775,26.03,89,20,3.09,CK,1675784648
52,nikolskoye,59.7035,30.7861,-2.06,93,87,3.71,RU,1675784651
53,castro,-24.7911,-50.0119,25.54,57,59,2.12,BR,1675784654
54,raudeberg,61.9875,5.1352,5.48,20,93,8.14,NO,1675784655
55,balkhash,46.844,74.9804,-16.32,99,23,2.76,KZ,1675784658
56,aklavik,68.2191,-135.0107,-31.0,76,100,2.57,CA,1675784659
57,cao bang,22.6667,106.25,17.43,99,100,0.77,VN,1675784661
58,pacific grove,36.6177,-121.9166,8.69,81,0,3.09,US,1675784662
59,otjiwarongo,-20.4637,16.6477,22.61,64,100,4.3,NA,1675784664
60,san rafael del sur,11.8485,-86.4384,27.54,50,70,8.56,NI,1675784664
61,punta arenas,-53.15,-70.9167,13.06,54,75,5.66,CL,1675784665
62,quatre cocos,-20.2078,57.7625,27.27,79,42,6.45,MU,1675784666
63,boa vista,2.8197,-60.6733,27.99,65,75,7.72,BR,1675784486
64,jalu,29.0331,21.5482,14.75,42,61,4.15,LY,1675784667
65,klyuchi,52.2667,79.1667,-14.01,97,97,1.79,RU,1675784668
66,barrow,71.2906,-156.7887,-24.99,77,75,2.06,US,1675784668
67,manokwari,-0.8667,134.0833,25.21,89,100,4.19,ID,1675784669
68,lagoa,39.05,-27.9833,13.02,60,82,9.28,PT,1675784671
69,taltal,-25.4,-70.4833,23.35,72,26,2.88,CL,1675784671
70,batsfjord,70.6345,29.7185,2.96,75,40,20.58,NO,1675784672
71,bambous virieux,-20.3428,57.7575,27.34,78,40,7.72,MU,1675784672
72,corumba,-19.0092,-57.6533,28.95,74,75,2.06,BR,1675784672
73,panaba,21.2833,-88.2667,27.42,59,1,5.86,MX,1675784673
74,busselton,-33.65,115.3333,16.95,90,0,5.75,AU,1675784673
75,black forest,39.0131,-104.7008,-0.42,64,0,2.57,US,1675784674
76,husavik,66.0449,-17.3389,-2.12,68,95,14.58,IS,1675784675
77,tromso,69.6496,18.957,4.01,60,75,9.77,NO,1675784675
78,watertown,42.3709,-71.1828,1.11,48,0,5.14,US,1675784676
79,bredasdorp,-34.5322,20.0403,22.53,63,100,5.39,ZA,1675784676
80,victoria,22.2855,114.1577,21.03,89,37,4.92,HK,1675784471
81,cape town,-33.9258,18.4232,26.18,73,20,9.26,ZA,1675784499
82,mataura,-46.1927,168.8643,10.27,61,74,2.46,NZ,1675784679
83,qaanaaq,77.484,-69.3632,-30.18,71,98,2.94,GL,1675784681
84,hochstadt,49.2475,8.2089,5.72,50,0,0.45,DE,1675784682
85,senneterre,48.3835,-77.2328,-5.5,77,100,6.87,CA,1675784682
86,waipawa,-41.4122,175.5153,13.3,83,3,2.65,NZ,1675784683
87,faanui,-16.4833,-151.75,26.46,79,29,5.28,PF,1675784683
88,novoseleznevo,55.6821,69.2056,-12.95,96,100,2.51,RU,1675784684
89,lodja,-3.4833,23.4333,28.74,49,71,1.63,CD,1675784685
90,ancud,-41.8697,-73.8203,17.09,66,1,2.62,CL,1675784685
91,sterling,39.0062,-77.4286,6.19,67,75,3.13,US,1675784440
92,hilo,19.7297,-155.09,22.57,87,100,1.34,US,1675784686
93,lavrentiya,65.5833,-171.0,-25.24,90,100,2.07,RU,1675784686
94,tual,-5.6667,132.75,26.97,81,100,7.64,ID,1675784687
95,new norfolk,-42.7826,147.0587,13.72,60,45,1.0,AU,1675784687
96,saint-pierre,-21.3393,55.4781,27.82,65,20,3.6,RE,1675784688
97,grand gaube,-20.0064,57.6608,27.43,75,28,3.13,MU,1675784688
98,buala,-8.145,159.5921,26.19,87,100,3.48,SB,1675784689
99,rovaniemi,66.5,25.7167,1.67,93,0,5.14,FI,1675784689
100,aswan,24.0934,32.907,18.61,24,0,4.12,EG,1675784690
101,tuktoyaktuk,69.4541,-133.0374,-34.0,68,75,0.0,CA,1675784691
102,georgetown,5.4112,100.3354,24.28,86,99,3.34,MY,1675784431
103,kloulklubed,7.0419,134.2556,25.28,77,100,8.07,PW,1675784691
104,guerrero negro,27.9769,-114.0611,15.45,33,6,4.0,MX,1675784422
105,rudnaya pristan,44.3614,135.8116,-10.12,76,26,2.98,RU,1675784692
106,samarai,-10.6167,150.6667,26.44,83,100,5.31,PG,1675784692
107,george town,5.4112,100.3354,24.28,86,99,3.34,MY,1675784634
108,belaya gora,68.5333,146.4167,-41.9,100,98,0.35,RU,1675784693
109,port hueneme,34.1478,-119.1951,15.38,36,0,8.23,US,1675784693
110,barcelos,41.5388,-8.6151,15.08,45,0,2.04,PT,1675784694
111,hithadhoo,-0.6,73.0833,27.79,67,100,4.48,MV,1675784694
112,hofn,64.2539,-15.2082,2.34,65,99,14.17,IS,1675784694
113,brantford,43.1334,-80.2664,4.67,75,100,2.68,CA,1675784632
114,magadan,59.5667,150.8,-28.59,80,73,3.48,RU,1675784695
115,kavieng,-2.5744,150.7967,26.57,82,100,2.06,PG,1675784695
116,yellowknife,62.456,-114.3525,-18.71,78,100,3.09,CA,1675784696
117,norman wells,65.282,-126.8329,-24.98,77,100,0.0,CA,1675784696
118,cidreira,-30.1811,-50.2056,26.47,62,2,4.15,BR,1675784697
119,kieta,-6.2167,155.6333,25.87,87,99,1.84,PG,1675784697
120,praia,14.9215,-23.5087,24.3,46,20,12.86,CV,1675784697
121,mbandaka,0.0487,18.2603,29.68,43,96,1.44,CD,1675784698
122,artyom,40.4723,50.333,3.08,85,97,13.17,AZ,1675784698
123,srednekolymsk,67.45,153.6833,-33.59,97,100,2.31,RU,1675784699
124,vardo,70.3705,31.1107,2.99,75,0,9.77,NO,1675784699
125,lebanon,36.2081,-86.2911,16.21,59,0,7.72,US,1675784635
126,alofi,-19.0595,-169.9187,23.94,94,100,3.09,NU,1675784700
127,setubal,38.5244,-8.8882,15.05,63,65,5.89,PT,1675784700
128,port alfred,-33.5906,26.891,22.88,87,86,2.24,ZA,1675784701
129,lake city,30.1897,-82.6393,20.45,55,0,5.14,US,1675784686
130,chernogorsk,53.8236,91.2842,-16.93,100,100,1.0,RU,1675784703
131,bluff,-46.6,168.3333,10.45,77,80,12.51,NZ,1675784704
132,jamestown,42.097,-79.2353,7.06,63,0,8.75,US,1675784620
133,tigil,57.8,158.6667,-20.94,98,100,2.19,RU,1675784705
134,camacha,33.0833,-16.3333,14.68,63,40,8.75,PT,1675784707
135,aiken,33.5835,-81.5998,16.85,47,0,4.63,US,1675784709
136,toowoomba,-27.55,151.9667,16.81,90,92,3.58,AU,1675784710
137,margate,51.3813,1.3862,7.61,82,11,0.89,GB,1675784710
138,fortuna,40.5982,-124.1573,5.52,94,0,3.13,US,1675784711
139,torbay,47.6666,-52.7314,-4.78,83,100,10.8,CA,1675784580
140,pangody,65.85,74.4859,-25.55,100,100,2.62,RU,1675784714
141,labuhan,-6.8844,112.2051,24.9,91,100,3.35,ID,1675784715
142,puerto lempira,15.2667,-83.7667,28.08,74,75,5.14,HN,1675784716
143,caraballeda,10.6112,-66.8522,29.37,74,40,2.06,VE,1675784718
144,fuzhou,26.0614,119.3061,11.94,92,100,1.39,CN,1675784720
145,bure,10.7,37.0667,21.42,26,57,3.12,ET,1675784721
146,beyneu,45.3167,55.2,1.54,78,100,12.5,KZ,1675784721
147,tiksi,71.6872,128.8694,-32.29,99,100,1.75,RU,1675784722
148,ostrovnoy,68.0531,39.5131,1.74,90,100,13.25,RU,1675784723
149,bereznik,62.8551,42.7072,-5.43,94,100,4.21,RU,1675784723
150,porto nacional,-10.7081,-48.4172,30.0,57,82,1.38,BR,1675784567
151,westport,41.1415,-73.3579,3.83,44,0,5.14,US,1675784724
152,tateyama,34.9833,139.8667,11.17,82,75,3.6,JP,1675784725
153,iqaluit,63.7506,-68.5145,-35.15,66,40,1.03,CA,1675784696
154,novorzhev,57.0294,29.3338,-2.29,87,100,2.72,RU,1675784726
155,regeneracao,-6.2378,-42.6883,34.21,43,98,1.34,BR,1675784727
156,bathsheba,13.2167,-59.5167,28.34,65,75,8.75,BB,1675784727
157,san patricio,28.017,-97.5169,23.93,80,100,7.56,US,1675784728
158,lorengau,-2.0226,147.2712,26.21,89,100,5.85,PG,1675784730
159,udachnyy,66.4167,112.4,-36.42,66,95,1.24,RU,1675784731
160,kavaratti,10.5669,72.642,27.09,70,97,5.23,IN,1675784732
161,saskylakh,71.9167,114.0833,-34.11,99,100,0.99,RU,1675784732
162,misheronskiy,55.7193,39.7383,-14.81,99,68,0.55,RU,1675784733
163,kipushi,-11.7667,27.2333,18.85,88,80,4.1,CD,1675784733
164,svetlyy,54.675,20.1347,2.2,92,66,2.31,RU,1675784733
165,gamba,-2.65,10.0,27.03,71,47,2.79,GA,1675784734
166,caravelas,-17.7125,-39.2481,31.25,51,50,5.62,BR,1675784734
167,khorol,49.7837,33.2783,-5.96,83,19,5.93,UA,1675784735
168,mozarlandia,-14.7447,-50.5706,30.25,62,72,2.26,BR,1675784736
169,impfondo,1.6381,18.0667,32.92,25,89,0.47,CG,1675784736
170,sinnamary,5.3833,-52.95,26.7,83,62,4.81,GF,1675784737
171,salalah,17.0151,54.0924,26.05,53,0,2.06,OM,1675784737
172,kahului,20.8947,-156.47,23.8,83,0,5.66,US,1675784738
173,lima,-12.0432,-77.0282,25.14,69,0,6.17,PE,1675784122
174,codrington,-38.2667,141.9667,12.79,85,50,4.17,AU,1675784739
175,ambilobe,-13.2,49.05,23.37,96,100,1.48,MG,1675784572
176,upernavik,72.7868,-56.1549,-25.67,94,99,3.22,GL,1675784741
177,nome,64.5011,-165.4064,-21.02,91,0,0.0,US,1675784741
178,clyde river,70.4692,-68.5914,-35.87,75,40,1.03,CA,1675784697
179,burnie,-41.0667,145.9167,13.3,79,29,4.31,AU,1675784742
180,verkhnevilyuysk,63.4453,120.3167,-39.99,100,99,0.97,RU,1675784743
181,masvingo,-20.0637,30.8277,24.29,48,78,2.88,ZW,1675784743
182,aykhal,66.0,111.5,-37.75,100,98,1.69,RU,1675784743
183,manta,-0.95,-80.7333,27.88,74,40,3.09,EC,1675784745
184,thompson,55.7435,-97.8558,-26.91,76,75,0.0,CA,1675784642
185,makakilo city,21.3469,-158.0858,23.18,75,0,8.23,US,1675784746
186,nelson bay,-32.7167,152.15,22.78,82,9,4.92,AU,1675784746
187,roma,43.2128,-75.4557,2.04,61,0,4.63,US,1675784643
188,ahipara,-35.1667,173.1667,18.16,76,96,2.1,NZ,1675784747
189,odweyne,9.4092,45.064,23.93,43,89,4.67,SO,1675784747
190,tagusao,9.1924,117.8141,25.44,84,95,2.0,PH,1675784748
191,tuatapere,-46.1333,167.6833,10.76,80,84,4.59,NZ,1675784748
192,butaritari,3.0707,172.7902,27.11,80,100,10.45,KI,1675784749
193,juneau,58.3019,-134.4197,2.34,91,75,4.12,US,1675784556
194,zheleznodorozhnyy,55.7503,38.0042,-4.9,98,37,1.04,RU,1675784751
195,longyearbyen,78.2186,15.6401,-5.09,80,100,18.52,SJ,1675784568
196,umm kaddadah,13.6017,26.6876,24.65,15,12,8.46,SD,1675784752
197,sabha,27.0377,14.4283,18.99,25,96,4.96,LY,1675784753
198,komsomolskiy,40.4272,71.7189,3.4,87,11,2.06,UZ,1675784754
199,lixourion,38.2019,20.4314,6.91,53,100,4.56,GR,1675784754
200,lamu,-2.2717,40.902,28.12,85,25,5.83,KE,1675784755
201,carnarvon,-24.8667,113.6333,24.8,72,3,9.91,AU,1675784756
202,abu zabad,12.35,29.25,27.21,12,6,6.67,SD,1675784756
203,yeppoon,-23.1333,150.7333,22.88,68,9,8.42,AU,1675784757
204,redlands,34.0556,-117.1825,14.08,39,2,1.73,US,1675784529
205,isangel,-19.55,169.2667,25.77,85,100,1.29,VU,1675784758
206,vysokogornyy,50.1167,139.15,-22.92,100,98,0.98,RU,1675784760
207,yulara,-25.2406,130.9889,27.84,21,0,3.86,AU,1675784761
208,hambantota,6.1241,81.1185,26.19,94,20,3.09,LK,1675784761
209,puerto del rosario,28.5004,-13.8627,19.86,45,20,5.14,ES,1675784496
210,chicama,-7.8447,-79.1469,20.3,61,76,3.3,PE,1675784764
211,ixtapa,20.7,-105.2,16.57,77,20,0.0,MX,1675784764
212,reconquista,-29.15,-59.65,39.43,13,0,1.47,AR,1675784551
213,east london,-33.0153,27.9116,23.52,94,40,3.6,ZA,1675784765
214,malumfashi,11.7853,7.6218,31.69,9,71,7.09,NG,1675784767
215,devils lake,48.1128,-98.8651,-3.92,81,75,6.69,US,1675784770
216,sitka,57.0531,-135.33,1.94,75,40,0.0,US,1675784776
217,marawi,7.9986,124.2928,19.64,92,100,0.47,PH,1675784778
218,kaniama,-7.5667,24.1833,24.41,79,57,1.16,CD,1675784782
219,carinhanha,-14.3047,-43.765,33.37,31,66,1.1,BR,1675784784
220,mwinilunga,-11.7358,24.4293,17.57,96,100,2.89,ZM,1675784784
221,skelleftea,64.7507,20.9528,3.33,92,0,2.57,SE,1675784785
222,esperance,-33.8667,121.9,19.01,89,22,4.01,AU,1675784586
223,nyzhnya duvanka,49.5846,38.1743,-7.46,86,54,6.56,UA,1675784787
224,batemans bay,-35.7167,150.1833,19.5,92,100,2.09,AU,1675784788
225,los llanos de aridane,28.6585,-17.9182,15.86,68,75,6.17,ES,1675784789
226,luanda,-8.8368,13.2343,30.0,62,40,6.69,AO,1675784790
227,nioro,13.35,-15.75,35.03,9,12,3.84,GM,1675784790
228,cherskiy,68.75,161.3,-35.86,98,100,2.25,RU,1675784791
229,san andres,12.5847,-81.7006,29.01,70,20,7.72,CO,1675784777
230,kamyshin,50.0983,45.416,-10.62,90,65,7.75,RU,1675784792
231,hobyo,5.3505,48.5268,25.13,77,25,6.24,SO,1675784793
232,raga,8.4596,25.678,31.31,10,93,2.69,SS,1675784793
233,pisco,-13.7,-76.2167,24.03,88,0,4.63,PE,1675784794
234,basco,20.4487,121.9702,25.01,78,16,5.92,PH,1675784795
235,opuwo,-18.0607,13.84,29.33,30,93,6.86,NA,1675784796
236,ahuimanu,21.4447,-157.8378,23.84,83,20,8.23,US,1675784796
237,imphal,24.8167,93.95,10.7,59,0,1.2,IN,1675784797
238,grindavik,63.8424,-22.4338,-1.03,69,75,12.35,IS,1675784798
239,teberda,43.4456,41.7448,-5.79,93,100,2.32,RU,1675784799
240,kundla,21.3333,71.3,22.28,47,2,2.51,IN,1675784799
241,san juan,-31.5375,-68.5364,35.27,17,0,2.54,AR,1675784800
242,jacqueville,5.2052,-4.4146,27.41,79,70,5.58,CI,1675784801
243,minab,27.1467,57.0801,22.08,50,28,1.29,IR,1675784801
244,corinto,37.9407,22.9573,5.5,72,99,6.68,GR,1675784801
245,moussoro,13.6408,16.4901,31.66,10,87,7.01,TD,1675784659
246,namatanai,-3.6667,152.4333,26.01,83,100,2.15,PG,1675784802
247,dunedin,-45.8742,170.5036,11.97,70,92,4.2,NZ,1675784802
248,progreso,21.2833,-89.6667,26.17,62,6,5.53,MX,1675784803
249,moranbah,-22.0016,148.0466,22.05,89,12,5.99,AU,1675784803
250,venice,27.0998,-82.4543,23.48,63,0,6.69,US,1675784612
251,adolfo ruiz cortines,25.75,-108.75,14.91,28,100,6.41,MX,1675784804
252,marshfield,44.6689,-90.1718,2.03,86,100,5.14,US,1675784805
253,fagernes,60.9858,9.2324,-3.16,97,100,1.05,NO,1675784805
254,ilulissat,69.2167,-51.1,-20.99,71,40,3.09,GL,1675784806
255,miandrivazo,-19.5167,45.4667,26.09,82,100,1.32,MG,1675784806
256,fukue,32.6881,128.8419,12.05,63,47,7.47,JP,1675784807
257,ciudad bolivar,8.1222,-63.5497,30.62,48,89,4.59,VE,1675784807
258,sakakah,29.9697,40.2064,14.76,35,8,6.02,SA,1675784808
259,atkarsk,51.8718,45.0078,-13.24,96,7,3.74,RU,1675784808
260,mumford,5.2618,-0.759,28.03,73,35,5.53,GH,1675784809
261,gopalpur,19.2667,84.9167,22.34,80,20,4.58,IN,1675784810
262,erenhot,43.6475,111.9767,-9.48,75,2,2.52,CN,1675784810
263,berbera,10.4396,45.0143,25.46,74,97,3.84,SO,1675784811
264,mount gambier,-37.8333,140.7667,12.48,87,79,3.35,AU,1675784614
265,provideniya,64.3833,-173.3,-25.85,92,78,1.62,RU,1675784811
266,shache,38.4167,77.2406,-0.04,63,0,2.71,CN,1675784812
267,faya,18.3851,42.4509,19.06,71,47,3.37,SA,1675784812
268,port maria,18.3685,-76.8895,30.03,81,51,7.38,JM,1675784813
269,bowen,-20.0167,148.2333,26.74,84,91,7.53,AU,1675784813
270,mizan teferi,6.9833,35.5833,24.2,36,89,0.66,ET,1675784814
271,porto novo,6.4965,2.6036,31.9,63,100,5.11,BJ,1675784815
272,hudson bay,52.85,-102.3842,-9.0,94,78,1.64,CA,1675784815
273,hamilton,39.1834,-84.5333,13.35,56,20,7.2,US,1675784565
274,kulhudhuffushi,6.6221,73.07,27.18,70,66,4.92,MV,1675784816
275,sao jose da coroa grande,-8.8978,-35.1478,28.88,57,32,4.76,BR,1675784817
276,san quintin,30.4833,-115.95,14.81,39,0,1.01,MX,1675784817
277,geraldton,-28.7667,114.6,22.23,83,75,6.69,AU,1675784818
278,dingle,10.9995,122.6711,23.2,91,100,3.36,PH,1675784819
279,kruisfontein,-34.0033,24.7314,23.27,74,98,6.56,ZA,1675784819
280,saldanha,-33.0117,17.9442,24.03,86,100,10.65,ZA,1675784820
281,te anau,-45.4167,167.7167,10.02,78,95,3.07,NZ,1675784820
282,san jose,37.3394,-121.895,10.5,80,20,1.54,US,1675784705
283,hasaki,35.7333,140.8333,9.22,85,100,10.67,JP,1675784821
284,pangnirtung,66.1451,-65.7125,-33.0,68,20,2.06,CA,1675784824
285,rawson,-43.3002,-65.1023,27.58,29,30,5.86,AR,1675784825
286,brae,60.3964,-1.353,6.81,70,8,9.66,GB,1675784826
287,zabaykalsk,49.6333,117.3167,-19.39,98,64,3.53,RU,1675784828
288,tutoia,-2.7619,-42.2744,28.4,71,98,4.81,BR,1675784829
289,oranjemund,-28.55,16.4333,20.07,85,30,9.32,NA,1675784830
290,kilindoni,-7.9139,39.6668,27.78,79,97,6.87,TZ,1675784831
291,charleston,32.7766,-79.9309,19.45,45,0,3.09,US,1675784777
292,aranda de duero,41.6704,-3.6892,5.49,68,98,6.55,ES,1675784833
293,phangnga,8.4509,98.5298,27.02,84,100,1.25,TH,1675784835
294,inhambane,-23.865,35.3833,30.0,70,40,6.26,MZ,1675784836
295,krasnyy,54.5678,31.4333,-12.19,97,11,1.55,RU,1675784838
296,taklisah,36.7833,10.6333,10.41,83,67,7.88,TN,1675784839
297,moose factory,51.2585,-80.6094,-3.01,80,100,7.72,CA,1675784839
298,ranong,9.9658,98.6348,24.0,87,36,2.33,TH,1675784842
299,huadian,42.9633,126.7478,-17.98,98,26,1.24,CN,1675784843
300,caucaia,-3.7361,-38.6531,27.97,84,75,4.12,BR,1675784844
301,blagoevgrad,42.0167,23.1,-3.36,62,41,3.57,BG,1675784845
302,mogadouro,41.3403,-6.7119,10.14,44,5,4.18,PT,1675784847
303,independencia,-5.3964,-40.3086,31.62,46,72,3.93,BR,1675784848
304,sao felix do xingu,-6.6447,-51.995,27.7,87,66,1.51,BR,1675784848
305,miranda,3.2499,-76.2281,26.07,60,93,2.01,CO,1675784850
306,vaitape,-16.5167,-151.75,26.47,78,29,5.26,PF,1675784851
307,egvekinot,66.3167,-179.1667,-30.43,87,97,3.65,RU,1675784852
308,qeshm,26.9581,56.2719,21.94,64,29,3.06,IR,1675784853
309,mathbaria,22.2876,89.9593,20.01,90,0,2.01,BD,1675784854
310,bintulu,3.1667,113.0333,24.31,89,80,1.12,MY,1675784855
311,praya,14.9215,-23.5087,24.3,46,20,12.86,CV,1675784855
312,adrar,20.5022,-10.0711,24.57,14,4,5.86,MR,1675784742
313,sao filipe,14.8961,-24.4956,20.76,63,0,6.15,CV,1675784856
314,namibe,-15.1961,12.1522,23.44,69,100,5.48,AO,1675784857
315,diffa,13.3154,12.6113,29.52,12,100,5.9,NE,1675784858
316,xining,36.6167,101.7667,-1.12,44,100,2.57,CN,1675784859
317,waingapu,-9.6567,120.2641,25.97,89,98,4.3,ID,1675784859
318,kilosa,-6.8333,36.9833,25.27,76,100,0.58,TZ,1675784860
319,lebu,-37.6167,-73.65,18.3,65,0,8.02,CL,1675784860
320,broken hill,-31.95,141.4333,23.6,26,0,4.28,AU,1675784861
321,beloha,-25.1667,45.05,24.06,74,100,4.76,MG,1675784862
322,bukan,36.521,46.2089,1.05,86,58,4.96,IR,1675784862
323,manado,1.487,124.8455,23.43,100,40,2.06,ID,1675784863
324,zhanakorgan,43.9098,67.2495,2.21,62,100,4.17,KZ,1675784863
325,komatipoort,-25.4332,31.9548,28.16,61,73,4.61,ZA,1675784864
326,panama city,8.9936,-79.5197,31.32,62,40,5.66,PA,1675784700
327,templemore,52.7947,-7.8339,9.69,85,98,3.08,IE,1675784865
328,kungurtug,50.5994,97.5228,-23.52,98,60,0.86,RU,1675784865
329,sompeta,18.9333,84.6,22.18,81,22,3.8,IN,1675784866
330,luangwa,-15.6167,30.4167,26.49,82,52,1.53,ZM,1675784866
331,harper,4.375,-7.7169,29.13,68,88,4.17,LR,1675784867
332,kutno,52.2306,19.3641,-1.06,85,94,2.88,PL,1675784867
333,fougamou,-1.2154,10.5838,29.62,67,60,1.92,GA,1675784868
334,brookings,44.3114,-96.7984,-2.81,82,0,2.06,US,1675784813
335,galesong,-5.3166,119.3661,25.01,82,80,2.63,ID,1675784868
336,flinders,-34.5833,150.8552,21.21,89,100,1.79,AU,1675784869
337,north branch,45.5113,-92.9802,0.07,85,56,4.47,US,1675784869
338,olafsvik,64.8945,-23.7142,-2.2,64,100,17.62,IS,1675784869
339,belyy yar,53.6039,91.3903,-16.75,87,100,1.0,RU,1675784870
340,mackenzie,55.2999,-123.1698,-8.88,92,0,0.0,CA,1675784870
341,paso de carrasco,-34.8603,-56.0522,31.25,66,75,4.12,UY,1675784871
342,valle de allende,26.9333,-105.4,14.02,23,87,1.26,MX,1675784871
343,tessalit,20.1986,1.0114,31.78,9,100,6.9,ML,1675784871
344,severo-kurilsk,50.6789,156.125,-5.02,66,80,6.62,RU,1675784872
345,shingu,33.7333,135.9833,8.39,85,81,2.22,JP,1675784872
346,trelew,-43.249,-65.3051,30.14,18,44,8.24,AR,1675784871
347,iaciara,-14.0958,-46.6317,31.4,46,57,1.66,BR,1675784873
348,abu samrah,35.3029,37.1841,5.56,74,17,6.94,SY,1675784874
349,lakota,5.8528,-5.6883,30.59,51,95,2.83,CI,1675784874
350,itaituba,-4.2761,-55.9836,23.09,100,100,3.09,BR,1675784874
351,hinton,53.4001,-117.5857,-4.34,95,83,2.1,CA,1675784767
352,gogrial,8.5332,28.1004,32.78,10,73,2.35,SS,1675784875
353,el sauzal,31.9,-116.6833,13.7,41,0,4.4,MX,1675784875
354,fayaoue,-20.65,166.5333,26.68,83,100,4.48,NC,1675784876
355,fort nelson,58.8053,-122.7002,-13.92,94,20,1.03,CA,1675784689
356,qandala,11.472,49.8728,24.31,81,86,2.75,SO,1675784877
357,axim,4.8699,-2.2405,28.35,72,87,4.6,GH,1675784877
358,pandan,14.0453,124.1694,25.22,84,100,3.79,PH,1675784878
359,atar,20.5169,-13.0499,25.29,12,18,6.25,MR,1675784878
360,kununurra,-15.7667,128.7333,25.99,78,1,3.09,AU,1675784879
361,karratha,-20.7377,116.8463,30.78,58,26,3.95,AU,1675784879
362,tabou,4.423,-7.3528,28.85,70,98,4.91,CI,1675784879
363,rincon,32.296,-81.2354,17.73,55,75,2.57,US,1675784789
364,kaitong,44.8135,123.15,-10.31,63,0,3.99,CN,1675784880
365,price,39.5994,-110.8107,-5.41,68,0,0.0,US,1675784770
366,tsuruga,35.6455,136.0558,7.58,85,59,2.0,JP,1675784881
367,vao,-22.6667,167.4833,25.96,70,79,5.19,NC,1675784881
368,carutapera,-1.195,-46.02,28.98,68,79,3.95,BR,1675784882
369,dezful,32.3811,48.4058,14.8,51,43,4.37,IR,1675784883
370,kupino,54.3663,77.2981,-21.82,100,91,2.04,RU,1675784883
371,hun,29.1268,15.9477,16.03,34,100,5.08,LY,1675784884
372,kalanchak,46.2562,33.2907,-2.88,64,92,6.93,UA,1675784885
373,leningradskiy,69.3833,178.4167,-31.13,97,100,2.89,RU,1675784886
374,dilla,6.41,38.31,22.37,27,59,1.36,ET,1675784887
375,kutum,14.2,24.6667,23.73,15,36,6.23,SD,1675784888
376,riyadh,24.6877,46.7219,23.08,29,86,5.23,SA,1675784862
377,naze,28.3667,129.4833,16.51,79,39,5.8,JP,1675784889
378,baykit,61.67,96.37,-18.33,99,100,0.71,RU,1675784891
379,cody,44.5263,-109.0565,3.12,44,0,9.26,US,1675784858
380,umm lajj,25.0213,37.2685,18.73,56,100,7.67,SA,1675784892
381,manono,-7.3,27.4167,24.22,88,80,1.35,CD,1675784893
382,kumluca,36.3703,30.2869,7.21,49,56,4.62,TR,1675784894
383,salvador,13.8333,-88.9167,26.22,45,42,1.95,SV,1675784642
384,jashpurnagar,22.9,84.15,16.82,29,0,2.22,IN,1675784896
385,warmbad,-28.45,18.7333,32.12,21,51,4.91,NA,1675784896
386,loa janan,-0.583,117.095,23.06,95,100,1.2,ID,1675784897
387,stornoway,58.2093,-6.3865,7.98,71,20,6.69,GB,1675784899
388,tahoua,14.8888,5.2692,34.99,7,0,4.12,NE,1675784899
389,mukhen,48.1,136.1,-14.53,94,100,3.16,RU,1675784900
390,hong gai,20.956,107.0946,20.95,94,96,2.56,VN,1675784902
391,ufimskiy,56.7084,58.0517,-23.39,100,69,1.11,RU,1675784907
392,altay,47.8667,88.1167,-11.85,70,28,3.39,CN,1675784909
393,vila velha,-20.3297,-40.2925,33.97,68,20,5.66,BR,1675784910
394,olinda,-8.0089,-34.8553,29.85,54,40,5.14,BR,1675784910
395,beringovskiy,63.05,179.3167,-27.56,95,100,3.39,RU,1675784911
396,krasnogorsk,55.8225,37.3181,-5.81,73,100,4.0,RU,1675784780
397,cabedelo,-6.9811,-34.8339,31.37,64,88,7.11,BR,1675784913
398,ugento,39.9263,18.1574,7.04,51,32,6.45,IT,1675784914
399,ponnani,10.767,75.9252,26.62,81,17,2.27,IN,1675784914
400,kijang,35.2442,129.2139,3.85,77,1,2.64,KR,1675784907
401,viedma,-40.8135,-62.9967,32.86,22,0,2.03,AR,1675784915
402,tres arroyos,-38.3739,-60.2798,33.13,28,19,4.55,AR,1675784915
403,katsuura,35.1333,140.3,11.01,85,100,6.12,JP,1675784916
404,pitimbu,-7.4706,-34.8086,31.33,64,100,6.76,BR,1675784917
405,mayor pablo lagerenza,-19.9309,-60.7718,25.23,83,100,2.18,PY,1675784917
406,daokou,35.5639,114.5058,6.21,52,100,2.07,CN,1675784918
407,praia da vitoria,38.7333,-27.0667,13.75,71,75,9.16,PT,1675784918
408,srivardhan,18.0333,73.0167,22.64,72,89,2.67,IN,1675784919
409,poum,-20.2333,164.0167,26.96,83,100,3.61,NC,1675784919
410,montrose,38.4166,-108.2673,-9.7,82,66,1.95,US,1675784827
411,douglas,41.3,-96.167,2.69,68,0,5.14,US,1675784920
412,anadyr,64.75,177.4833,-27.72,69,40,5.0,RU,1675784921
413,havre-saint-pierre,50.2334,-63.5986,-14.0,60,0,3.09,CA,1675784921
414,fairbanks,64.8378,-147.7164,-15.66,81,100,1.54,US,1675784747
415,kintampo,8.0563,-1.7306,35.66,24,98,3.16,GH,1675784922
416,gubkinskiy,64.434,76.5026,-26.21,100,61,4.03,RU,1675784922
417,lakes entrance,-37.8811,147.981,13.29,88,17,1.16,AU,1675784922
418,bengkulu,-3.8004,102.2655,25.36,85,99,3.87,ID,1675784923
419,cabo san lucas,22.8909,-109.9124,21.7,76,88,1.72,MX,1675784924
420,nouadhibou,20.931,-17.0347,23.99,22,0,8.23,MR,1675784924
421,miramar,25.9873,-80.2323,25.56,59,20,6.69,US,1675784925
422,alice springs,-23.7,133.8833,25.75,65,46,2.57,AU,1675784925
423,banda aceh,5.5577,95.3222,25.23,87,94,2.11,ID,1675784925
424,dori,14.0354,-0.0345,36.46,8,86,5.54,BF,1675784926
425,petropavlovsk-kamchatskiy,53.0452,158.6483,-18.46,78,0,2.0,RU,1675784926
426,haines junction,60.7522,-137.5108,-9.03,92,100,0.51,CA,1675784927
427,conceicao do araguaia,-8.2578,-49.2647,31.57,59,67,0.86,BR,1675784927
428,maine-soroa,13.2114,12.0241,29.84,12,93,6.54,NE,1675784927
429,susaki,33.3667,133.2833,9.07,87,65,1.85,JP,1675784928
430,mnogovershinnyy,53.9353,139.9242,-27.75,99,99,0.82,RU,1675784929
431,bahadurganj,26.2667,87.8167,18.76,44,0,3.32,IN,1675784930
432,maceio,-9.6658,-35.7353,30.69,48,40,5.14,BR,1675784930
433,constitucion,-35.3333,-72.4167,21.97,53,2,1.7,CL,1675784807
434,peterhead,57.5058,-1.7981,8.58,88,78,1.08,GB,1675784931
435,odienne,9.51,-7.5692,37.3,16,100,0.74,CI,1675784931
436,zhigansk,66.7697,123.3711,-46.46,100,94,0.93,RU,1675784932
437,half moon bay,37.4636,-122.4286,9.71,84,75,1.54,US,1675784903
438,nocaima,5.0698,-74.378,26.22,47,41,1.95,CO,1675784933
439,san cristobal,7.7669,-72.225,23.1,43,44,3.23,VE,1675784933
440,port augusta,-32.5,137.7667,24.61,30,0,2.34,AU,1675784858
441,wasilla,61.5814,-149.4394,-5.94,83,0,5.66,US,1675784934
442,eirunepe,-6.6603,-69.8736,24.55,91,92,1.74,BR,1675784934
443,marquette,46.5333,-87.6335,1.57,79,100,6.88,US,1675784935
444,dossor,47.5272,52.9811,-3.68,93,100,9.87,KZ,1675784935
445,eureka,40.8021,-124.1637,5.93,99,100,2.3,US,1675784811
446,balsas,-7.5325,-46.0356,31.45,54,95,0.77,BR,1675784936
447,marevo,57.3146,32.0804,-3.87,92,99,2.68,RU,1675784936
448,asilah,35.465,-6.0348,14.98,75,83,2.88,MA,1675784937
449,sovetskaya gavan,48.9723,140.2878,-20.07,91,13,2.36,RU,1675784937
450,acapulco,16.8634,-99.8901,24.9,73,20,2.06,MX,1675784641
451,piacabucu,-10.4056,-36.4344,29.81,52,91,5.51,BR,1675784938
452,kolokani,13.5728,-8.0339,36.38,8,94,3.53,ML,1675784938
453,bredy,52.4153,60.3411,-18.38,100,82,2.38,RU,1675784939
454,ipu,-4.3222,-40.7108,29.49,65,67,1.75,BR,1675784711
455,willowmore,-33.2926,23.4895,22.18,58,78,8.36,ZA,1675784939
456,luderitz,-26.6481,15.1594,23.87,62,0,13.01,NA,1675784940
457,matam,15.6175,-13.3303,35.0,18,0,4.12,SN,1675784941
458,nhulunbuy,-12.2333,136.7667,27.34,89,100,0.51,AU,1675784941
459,tiarei,-17.5333,-149.3333,24.01,68,29,4.14,PF,1675784942
460,general roca,-39.0333,-67.5833,36.46,13,0,3.9,AR,1675784942
461,awjilah,29.1081,21.2869,14.89,42,90,3.97,LY,1675784943
462,tanabe,33.7333,135.3667,7.18,84,65,3.81,JP,1675784944
463,northam,51.0333,-4.2167,8.47,74,8,1.55,GB,1675784945
464,berlevag,70.8578,29.0864,2.97,70,0,13.89,NO,1675784945
465,preobrazheniye,42.9019,133.9064,-6.96,61,100,2.67,RU,1675784948
466,mitsamiouli,-11.3847,43.2844,27.21,78,98,3.6,KM,1675784949
467,pimentel,-6.8367,-79.9342,25.16,69,0,3.09,PE,1675784952
468,itarema,-2.9248,-39.9167,29.01,67,100,5.36,BR,1675784746
469,newport,51.5877,-2.9984,9.51,76,11,1.1,GB,1675784954
470,shirokiy,49.758,129.523,-31.38,98,19,1.55,RU,1675784954
471,bay city,43.5945,-83.8889,7.06,77,100,10.29,US,1675784916
472,ponta delgada,37.7333,-25.6667,14.4,77,40,10.29,PT,1675784956
473,pathein,16.7833,94.7333,20.19,65,30,2.87,MM,1675784956
474,la ronge,55.1001,-105.2842,-10.86,85,75,2.57,CA,1675784957
475,rayagada,19.1667,83.4167,19.95,77,13,1.39,IN,1675784958
476,torri di quartesolo,45.525,11.6123,6.88,44,6,1.86,IT,1675784959
477,sholokhove,47.6945,34.0312,-4.2,73,91,7.67,UA,1675784960
478,santa isabel,-23.3156,-46.2214,26.84,70,95,1.46,BR,1675784960
479,peleduy,59.6289,112.7406,-21.7,100,100,1.05,RU,1675784961
480,rudnogorsk,57.2639,103.7519,-24.76,100,96,0.53,RU,1675784962
481,ushtobe,45.2514,77.9838,-3.36,95,69,2.48,KZ,1675784962
482,santo domingo,18.5001,-69.9886,28.91,72,40,4.12,DO,1675784775
483,nanyamba,-10.6833,39.8333,23.06,93,100,1.51,TZ,1675784963
484,ullapool,57.8987,-5.1604,7.97,78,26,5.57,GB,1675784964
485,harsud,22.1,76.7333,22.26,27,0,1.66,IN,1675784965
486,semenivka,52.1783,32.5818,-7.29,93,47,3.09,UA,1675784966
487,pacifica,37.6138,-122.4869,9.6,91,20,1.54,US,1675784967
488,robertsport,6.7533,-11.3686,26.62,77,52,5.12,LR,1675784968
489,lappeenranta,61.0587,28.1887,0.99,92,100,4.63,FI,1675784969
490,tura,25.5198,90.2201,16.18,45,0,1.28,IN,1675784925
491,bekwai,6.4534,-1.5774,32.28,44,78,3.44,GH,1675784970
492,am timan,11.0297,20.2827,35.55,8,16,2.54,TD,1675784971
493,ambovombe,-25.1667,46.0833,23.28,87,100,1.71,MG,1675784972
494,oranjestad,12.524,-70.027,28.97,61,20,9.77,AW,1675784973
495,port lincoln,-34.7333,135.8667,17.71,81,0,6.16,AU,1675784877
496,tadine,-21.55,167.8833,24.93,82,100,3.25,NC,1675784974
497,sao luiz gonzaga,-28.4083,-54.9608,36.14,17,0,3.1,BR,1675784922
498,san rafael,-34.6177,-68.3301,34.14,18,0,5.2,AR,1675784862
499,port hardy,50.6996,-127.4199,7.1,93,100,6.69,CA,1675784767
500,verkhnyaya inta,65.9811,60.3094,-12.48,83,100,7.46,RU,1675784977
501,bandarbeyla,9.4942,50.8122,24.68,74,81,5.91,SO,1675784979
502,mogadishu,2.0371,45.3438,26.93,83,20,8.23,SO,1675784979
503,bristol,41.8334,-71.1662,2.1,61,2,1.79,US,1675784784
504,tashtyp,52.7939,89.8983,-11.01,99,99,0.42,RU,1675784981
505,san antonio,29.4241,-98.4936,20.93,86,40,6.17,US,1675784692
506,kamenka,51.3223,42.7678,-12.0,92,10,4.8,RU,1675784982
507,souillac,-20.5167,57.5167,27.21,78,40,7.72,MU,1675784983
508,talnakh,69.4865,88.3972,-21.16,98,98,2.71,RU,1675784984
509,baghdad,33.3406,44.4009,15.95,39,75,4.63,IQ,1675784984
510,ocumare del tuy,10.1165,-66.7761,28.39,51,94,2.04,VE,1675784886
511,zuwarah,32.9312,12.082,16.06,52,25,6.36,LY,1675784985
512,mpika,-11.8343,31.4529,17.56,89,100,5.03,ZM,1675784985
513,mount isa,-20.7333,139.5,26.87,78,94,3.6,AU,1675784986
514,voh,-20.9667,164.7,25.02,92,100,1.51,NC,1675784986
515,barranca,-10.75,-77.7667,24.95,68,9,3.99,PE,1675784987
516,cayenne,4.9333,-52.3333,29.02,70,75,6.69,GF,1675784843
517,halifax,44.6453,-63.5724,-0.28,61,75,11.32,CA,1675784698
518,muravlenko,63.7898,74.523,-25.78,100,37,3.98,RU,1675784987
519,mana,5.6592,-53.7767,27.28,77,73,4.84,GF,1675784988
520,alta floresta,-9.8756,-56.0861,28.9,74,40,4.63,BR,1675784988
521,xiuyan,40.2928,123.2744,-3.42,46,26,2.51,CN,1675784989
522,kharp,66.8014,65.8081,-20.29,98,93,1.82,RU,1675784989
523,palmer,42.1584,-72.3287,1.85,34,75,2.06,US,1675784990
524,baker city,44.7749,-117.8344,3.14,95,75,0.0,US,1675784741
525,saint-augustin,51.226,-58.6502,-15.37,61,2,2.81,CA,1675784991
526,buraydah,26.326,43.975,17.25,34,100,2.74,SA,1675784930
527,pokosnoye,55.5258,101.0536,-20.7,100,97,0.91,RU,1675784992
528,xocali,39.913,46.7903,3.8,97,100,1.36,AZ,1675784992
529,puerto escondido,15.85,-97.0667,26.46,83,0,2.06,MX,1675784775
530,bagdarin,54.4333,113.6,-23.73,94,5,1.95,RU,1675784993
531,novopavlovka,51.2172,109.2091,-23.51,100,71,0.72,RU,1675784993
532,adet,11.2644,37.4888,20.12,24,9,1.29,ET,1675784994
533,arlit,18.7369,7.3853,32.49,8,100,1.64,NE,1675784994
534,myre,69.1036,15.9492,3.27,74,76,15.76,NO,1675784995
535,kropotkin,45.4375,40.5756,-4.18,92,100,7.35,RU,1675784995
536,zhanaozen,43.3,52.8,6.31,60,100,7.96,KZ,1675784996
537,colares,38.7992,-9.4469,15.74,56,20,8.05,PT,1675784996
538,oksfjord,70.2396,22.3479,2.1,77,93,16.72,NO,1675784997
539,nizhniy kuranakh,58.8353,125.4869,-32.21,99,99,0.3,RU,1675784997
540,baijiantan,45.6333,85.1833,-10.53,93,100,1.25,CN,1675784997
541,gweta,-20.1833,25.2333,32.48,23,25,2.24,BW,1675784998
542,aitape,-3.1374,142.3475,24.5,95,100,2.62,PG,1675784998
543,richards bay,-28.783,32.0377,27.32,75,39,5.65,ZA,1675784999
544,taoudenni,22.6783,-3.9836,27.17,13,75,4.41,ML,1675784999
545,nadym,65.5333,72.5167,-25.17,100,70,3.21,RU,1675785000
546,lata,40.1629,-8.3327,14.34,42,1,1.48,PT,1675785001
547,araguaina,-7.1911,-48.2072,30.23,63,64,1.07,BR,1675784737
548,fereydun kenar,36.6864,52.5225,12.1,67,53,1.32,IR,1675785001
549,ilinskiy,55.619,38.1182,-4.81,74,100,1.0,RU,1675785003
550,padang,-0.9492,100.3543,24.03,78,100,1.89,ID,1675785004
551,bati,11.1833,40.0167,21.22,16,69,2.44,ET,1675785005
552,ningbo,29.8782,121.5495,8.99,76,93,1.0,CN,1675785006
553,port hedland,-20.3167,118.5667,28.03,89,5,2.57,AU,1675785007
554,lasa,46.6166,10.7002,4.49,85,1,2.15,IT,1675785008
555,monkey bay,-14.0728,34.9201,25.47,76,98,3.74,MW,1675785009
556,sokoni,-6.4333,39.55,29.92,79,86,6.27,TZ,1675785009
557,petatlan,17.5167,-101.2667,27.88,50,3,1.12,MX,1675785010
558,pryazha,61.6926,33.6216,-1.43,91,100,5.07,RU,1675785011
559,kisanga,-7.4362,37.7034,27.83,70,100,3.29,TZ,1675785011
560,planeta rica,8.4147,-75.5883,30.82,58,5,0.25,CO,1675785012
561,gravdal,68.1214,13.5031,3.94,81,75,8.75,NO,1675785006
562,hovd,48.0056,91.6419,-17.06,86,13,1.14,MN,1675784989
563,nokaneng,-19.6667,22.2667,28.88,44,99,3.23,BW,1675785013
564,goundam,16.4145,-3.6708,34.65,8,95,3.92,ML,1675785013
565,mossendjo,-2.9506,12.7261,25.13,74,82,1.67,CG,1675785014
566,hervey bay,-25.2986,152.8535,24.64,67,12,6.19,AU,1675785015
